date,team,opp,age,gs,mp,fg,fga,fg%,3p,3pa,3p%,ft,fta,ft%,orb,drb,trb,ast,stl,blk,tov,pf,pts,gmsc,+/-
2017-10-01,Brindisi,Torino,25.66849315068493,0,0,0,0,0.000,0,0,0.0,0,0,0.0,0,0,0,0,0,0,0,0,0,0.0,0
2017-10-09,Brindisi,Pistoia,25.69041095890411,0,0,0,0,0.000,0,0,0.0,0,0,0.0,0,0,0,0,0,0,0,0,0,0.0,0
2017-10-14,Brindisi,Venezia,25.704109589041096,0,0,0,0,0.000,0,0,0.0,0,0,0.0,0,0,0,0,0,0,0,0,0,0.0,0
2017-10-22,Brindisi,Milano,25.726027397260275,0,0,0,0,0.000,0,0,0.0,0,0,0.0,0,0,0,0,0,0,0,0,0,0.0,0
2017-10-29,Brindisi,Brescia,25.745205479452054,0,0,0,0,0.000,0,0,0.0,0,0,0.0,0,0,0,0,0,0,0,0,0,0.0,0
2017-11-05,Brindisi,Avellino,25.764383561643836,0,0,0,0,0.000,0,0,0.0,0,0,0.0,0,0,0,0,0,0,0,0,0,0.0,0
2017-11-12,Brindisi,Pesaro,25.78356164383562,0,0,0,0,0.000,0,0,0.0,0,0,0.0,0,0,0,0,0,0,0,0,0,0.0,0
2017-11-19,Brindisi,Virtus Bologna,25.802739726027397,0,0,0,0,0.000,0,0,0.0,0,0,0.0,0,0,0,0,0,0,0,0,0,0.0,0
2017-12-03,Brindisi,Sassari,25.84109589041096,0,0,0,0,0.000,0,0,0.0,0,0,0.0,0,0,0,0,0,0,0,0,0,0.0,0
2017-12-10,Brindisi,Trentino,25.86027397260274,0,0,0,0,0.000,0,0,0.0,0,0,0.0,0,0,0,0,0,0,0,0,0,0.0,0
2017-12-16,Brindisi,Capo d'Orlando,25.876712328767123,0,0,0,0,0.000,0,0,0.0,0,0,0.0,0,0,0,0,0,0,0,0,0,0.0,0
2017-12-26,Brindisi,Cremona,25.904109589041095,0,0,0,0,0.000,0,0,0.0,0,0,0.0,0,0,0,0,0,0,0,0,0,0.0,0
2018-01-02,Brindisi,Varese,25.923287671232877,0,0,0,0,0.000,0,0,0.0,0,0,0.0,0,0,0,0,0,0,0,0,0,0.0,0
2018-01-07,Brindisi,Reggio Emilia,25.936986301369863,0,0,0,0,0.000,0,0,0.0,0,0,0.0,0,0,0,0,0,0,0,0,0,0.0,0
2018-01-07,Avellino,Virtus Bologna,25.936986301369863,0,0,0,0,0.000,0,0,0.0,0,0,0.0,0,0,0,0,0,0,0,0,0,0.0,0
2018-01-21,Brindisi,Torino,25.975342465753425,0,0,0,0,0.000,0,0,0.0,0,0,0.0,0,0,0,0,0,0,0,0,0,0.0,0
2018-01-28,Brindisi,Pistoia,25.994520547945207,0,0,0,0,0.000,0,0,0.0,0,0,0.0,0,0,0,0,0,0,0,0,0,0.0,0
2018-02-04,Brindisi,Venezia,26.013698630136986,0,0,0,0,0.000,0,0,0.0,0,0,0.0,0,0,0,0,0,0,0,0,0,0.0,0
2018-02-11,Brindisi,Milano,26.03287671232877,0,0,0,0,0.000,0,0,0.0,0,0,0.0,0,0,0,0,0,0,0,0,0,0.0,0
2018-03-05,Brindisi,Brescia,26.09315068493151,0,1,0,0,0.000,0,0,0.0,0,0,0.0,0,0,0,0,0,0,0,0,0,0.0,-2
2018-03-11,Brindisi,Avellino,26.10958904109589,0,1,0,0,0.000,0,0,0.0,0,0,0.0,0,0,0,0,0,0,0,0,0,0.0,3
2018-03-18,Brindisi,Pesaro,26.12876712328767,0,0,0,0,0.000,0,0,0.0,0,0,0.0,0,0,0,0,0,0,0,0,0,0.0,0
2018-03-25,Brindisi,Virtus Bologna,26.147945205479452,0,1,0,0,0.000,0,0,0.0,0,0,0.0,0,0,0,0,0,0,0,0,0,0.0,2
2018-03-31,Brindisi,Sassari,26.164383561643834,0,0,0,0,0.000,0,0,0.0,0,0,0.0,0,0,0,0,0,0,0,0,0,0.0,0
2018-04-08,Trentino,Brindisi,26.186301369863013,0,0,0,0,0.000,0,0,0.0,0,0,0.0,0,0,0,0,0,0,0,0,0,0.0,0
2018-04-08,Brindisi,Trentino,26.186301369863013,0,0,0,0,0.000,0,0,0.0,0,0,0.0,0,0,0,0,0,0,0,0,0,0.0,0
2018-04-22,Brindisi,Cremona,26.224657534246575,0,2,0,1,0.000,0,1,0.0,0,0,0.0,0,0,0,0,0,0,0,0,0,-0.7,0
2018-04-29,Brindisi,Varese,26.243835616438357,0,0,0,0,0.000,0,0,0.0,0,0,0.0,0,0,0,0,0,0,0,0,0,0.0,0
2018-05-06,Brindisi,Reggio Emilia,26.263013698630136,0,0,0,0,0.000,0,0,0.0,0,0,0.0,0,0,0,0,0,0,0,0,0,0.0,0
2018-05-09,Brindisi,Cant√π,26.27123287671233,0,1,0,1,0.000,0,1,0.0,0,0,0.0,0,0,0,0,0,0,0,0,0,-0.7,1
